{"cameraMode":{"drawMode":0,"name":"Shaded","section":"Shading Mode"},"sceneLighting":false,"audioPlay":false,"sceneViewState":{"m_AlwaysRefresh":false,"showFog":true,"showSkybox":false,"showFlares":true,"showImageEffects":true,"showParticleSystems":true,"showVisualEffectGraphs":true,"m_FxEnabled":true},"in2DMode":false,"pivot":{"x":-0.05742192268371582,"y":1.6807191371917725,"z":106.72643280029297},"rotation":{"x":-0.005393464118242264,"y":-0.9944442510604858,"z":0.0675463154911995,"w":-0.08131951838731766},"size":4.623295783996582,"orthographic":false}